,Model
0,M6 Coupe
1,John Cooper Works Convertible
2,650i xDrive Convertible
3,GranTurismo
4,Rio
5,911 Carrera Cabriolet
6,C300 Coupe
7,Beetle Dune
8,86
9,Phantom Coupe
10,GT-R
11,S60 AWD
12,Mustang
13,Mustang Performance Package
14,Mustang Convertible
15,ATS
16,GTC4Lusso
17,Cooper Convertible
18,TLX FWD
19,M3
20,M4 Coupe
21,500
22,S3
23,Cooper S Hardtop 4 door
24,TTS Coupe
25,230i xDrive Coupe
26,Spark
27,Yaris iA
28,Q3 quattro
29,330i
30,C300 4matic
31,Golf R
32,Q60
33,440i Coupe
34,GTI
35,Jetta
36,Golf
37,TT Coupe quattro
38,340i
39,C300
40,Veloster
41,XE AWD
42,Forte Koup
43,C300 4matic Convertible
44,S550 4matic Coupe
45,Lancer
46,RC 300 AWD
47,CLA250 4matic
48,i8
49,Camaro
50,3 4-Door
51,IS 300 AWD
52,IS 200t
53,328d
54,911 Carrera 4 GTS Cabriolet
55,Spark ACTIV
56,Fiesta FWD
57,Fiesta SFE FWD
58,Focus FWD
59,Focus FWD FFV
60,Focus Electric
61,A5 Cabriolet quattro
62,S5
63,430i xDrive Convertible
64,430i Coupe
65,430i Gran Coupe
66,440i xDrive Coupe
67,M6 Gran Coupe
68,WRX
69,LC 500h
70,C-HR
71,Civic Si 2Dr
72,A3 Cabriolet
73,Yaris
74,Beetle Dune Convertible
75,A3 quattro
76,Cooper S Convertible
77,230i xDrive Convertible
78,M240i Coupe
79,M2
80,Cooper Hardtop 2 door
81,Cooper S Hardtop 2 door
82,John Cooper Works Hardtop
83,Cruze Premier
84,Q50 Hybrid AWD
85,Mirage G4
86,Volt
87,911 Carrera 4
88,911 Targa 4S
89,911 Carrera GTS
90,911 Carrera 4 GTS
91,C300 4matic Coupe
92,AMG C43 4matic Coupe
93,AMG C63 Convertible
94,AMG C63
95,AMG C63 S
96,Versa
97,CLS550 4matic
98,Sonic
99,911 Turbo S Exclusive
100,Civic 2Dr
101,BRZ
102,IS 350
103,IS 350 AWD
104,WRX STI Type RA
105,RC F
106,RC 350 AWD
107,i3s (94Ah)
108,G70 RWD
109,S560 4matic Coupe
110,AMG S65 Coupe
111,430i Convertible
112,430i xDrive Gran Coupe
113,440i xDrive Gran Coupe
114,Alpina B6 xDrive Gran Coupe
115,XE
116,I8 Coupe
117,911 Carrera
118,911 Carrera S Cabriolet
119,911 Carrera 4 Cabriolet
120,911 Carrera 4S
121,911 Carrera T
122,Mustang Bullitt
123,Corolla Hatchback
124,Corolla Hatchback XSE
125,911 Turbo Cabriolet
126,230i Coupe
127,M240i Coupe M Performance
128,M240i Convertible
129,M2 Competition
130,M4 Convertible Competition
131,Beetle Convertible
132,530e
133,AMG S63 4matic Coupe
134,DBS
135,RC 300
136,GranTurismo Convertible
137,Q60 AWD
138,i3s
139,500e
140,A3
141,330i xDrive
142,Corolla
143,A220 4matic
144,Evora
145,230i Convertible
146,440i xDrive Convertible
147,430i xDrive Coupe
148,M4 Coupe Competition
149,G70 AWD
150,DB11 V8
151,Accent
152,840i xDrive Convertible
153,AMG CLS53 4matic Plus
154,CLS450 4matic
155,Prius c
156,3 4-Door 2WD
157,Continental GT Convertible
158,M8 Coupe
159,M8 Convertible
160,AMG GT 63 4matic Plus
161,AMG S63 4matic Plus Convertible
162,S5 Cabriolet
163,A4
164,CX-3 4WD
165,911 Carrera 4S Cabriolet
166,CT4
167,CT4 V AWD
168,M2 CS Coupe
169,330e xDrive
170,Corolla Hybrid
171,Cooper SE Hardtop 2 door
172,Dawn
173,Dawn Black Badge
174,M240i xDrive Coupe
175,M2 Competition Coupe
176,840i xDrive Coupe
177,AMG CLA35 4matic
178,2
179,1
180,AMG A35 4matic
181,A5 quattro
182,TLX AWD A-SPEC
183,AMG E53 4matic Plus Coupe
184,3 4-Door 4WD
185,Evora GT
186,AMG C43 4matic
187,Mustang HO Convertible
188,Shelby GT500 Mustang
189,M8 Competition Convertible
190,i3
191,John Cooper Works Hardtop 2 door
192,CT4 V
193,Corolla XLE
194,RS 5 Coupe
195,M440i Coupe
196,M440i Convertible
197,M4 Competition M xDrive Convertible
198,228i xDrive Gran Coupe
199,S60 T8 AWD Recharge
200,TTS Coupe quattro
201,Mirage
202,911 Turbo
203,911 Turbo S
204,911 Targa 4
205,UX 250h
206,Q60 Red Sport
207,E450 4matic Coupe
208,Taycan Turbo S
209,XE P250
210,330e Sedan
211,530e xDrive Sedan
212,911 Targa 4 GTS
213,AMG SL63 4matic Plus
214,DB11 V12
215,M440i xDrive Convertible
216,M440i Gran Coupe
217,CT4 AWD
218,S60 B5 AWD
219,A4 S-Line quattro
220,A4 quattro
221,Taycan GTS
222,330i Sedan
223,Taycan Perf Battery Plus
224,LC 500 Convertible
225,M2 Coupe
226,TLX AWD
227,AMG C43 4matic Convertible
228,GR Corolla
229,AMG GT 53 4matic Plus
230,AMG GT 63 S 4matic Plus
231,Mustang HO Coupe
232,650i xDrive Coupe
233,Alpina B6 Gran Coupe xDrive
234,E400 Convertible
235,FR-S
236,S60 Inscription AWD
237,911 Carrera S
238,Verano
239,ATS AWD
240,CC
241,435i xDrive Convertible
242,328i xDrive
243,320i
244,320i xDrive
245,Cooper S Countryman
246,Cooper S Countryman All4
247,M235i xDrive Convertible
248,Fiesta ST FWD
249,Cooper Hardtop 4 door
250,Stage 3 Mustang
251,Cruze
252,M4 Competition M xDrive Coupe
253,840i Coupe
254,M8 Competition Coupe
255,M440i xDrive Gran Coupe
256,i4 eDrive40 Gran Coupe (19 inch Wheels)
257,ILX
258,650i xDrive Gran Coupe
259,Rio Eco
260,CX-3 2WD
261,Shelby GT350 Mustang
262,Q3
263,650i Gran Coupe
264,Q60S Red Sport
265,i3 BEV (60  Amp-hour battery)
266,330e
267,AMG C63 S Coupe
268,Rapide S
269,A3 e-tron
270,S4
271,M4 Convertible
272,M6 Convertible
273,LC 500
274,QX30
275,RS 3
276,AMG CLA45 4matic
277,Maybach S650 Convertible
278,ATS-V
279,Beetle
280,A3 Cabriolet quattro
281,911 Turbo S Cabriolet
282,AMG C63 Coupe
283,CLS550
284,328d xDrive
285,RS 5
286,Continental Supersports Convertible
287,i3 (94Ah) with Range Extender
288,i3s (94Ah) with Range Extender
289,i3 (94Ah)
290,440i Gran Coupe
291,640i xDrive Gran Coupe
292,GTC4Lusso T
293,Portofino
294,M240i xDrive Coupe M Performance
295,CLA250
296,C300 Convertible
297,AMG S63 4matic Convertible
298,IS 300
299,M850i xDrive Coupe
300,Jetta GLI
301,i3 with Range Extender
302,i3s with Range Extender
303,XE AWD 30t
304,440i Convertible
305,911 Turbo S Exclusive Cabriolet
306,TT RS
307,BRZ tS
308,840i Convertible
309,M850i xDrive Convertible
310,CLS450
311,E450 Coupe
312,E450 4matic Convertible
313,S209
314,AMG S63 4matic Plus Coupe
315,Revero GT (21-inch wheels)
316,RS3
317,RC 350
318,Continental GT
319,M235i xDrive
320,John Cooper Works GP
321,Insight Touring
322,Portofino M
323,TLX FWD A-SPEC
324,Corolla APEX
325,Q60 Red Sport AWD
326,S560 Convertible
327,M4 Competition Coupe
328,M3 Competition
329,530e xDrive
330,A5 Coupe quattro
331,M3 Competition Sedan
332,GLI
333,Continental GT Speed Convertible
334,TLX Type-S
335,Jetta SE/SEL
336,Taycan Perf Battery
337,AMG GT 43 4matic Plus
338,XE P300 AWD
339,i4 M50 Gran Coupe (19 inch wheels)
340,i4 M50 Gran Coupe (20 inch wheels)
341,i4 eDrive40 Gran Coupe (19 inch wheels)
342,911 Carrera GTS Cabriolet
343,S60 T8 AWD Recharge ext. Range
344,Golf-R
345,GR 86
346,228i Gran Coupe
347,M3 Sedan
348,M235i xDrive Gran Coupe
349,Taycan GTS Sport Turismo
350,911 Sport Classic
351,530e Sedan
352,E400 Coupe
353,E400 4matic Coupe
354,E550 Coupe
355,E550 Convertible
356,M235i Convertible
357,S60 FWD
358,S60 CC AWD
359,iA
360,Eos
361,228i xDrive
362,228i Convertible
363,435i xDrive Coupe
364,435i xDrive Gran Coupe
365,500 Abarth
366,CT 200h
367,California T
368,A3 e-tron ultra
369,RC 200t
370,Cascada
371,i3 BEV
372,i3 REX
373,Granturismo Trofeo
374,640i Coupe
375,640i Convertible
376,650i Coupe
377,435i Convertible
378,Sonic RS
379,Genesis Coupe
380,CLS400
381,CLS400 4matic
382,tC
383,M235i
384,328i
385,428i xDrive Coupe
386,428i xDrive Gran Coupe
387,435i Gran Coupe
388,Cooper Paceman
389,Cooper S Paceman
390,Cooper S Paceman All4
391,JCW Countryman All4
392,JCW Paceman All4
393,228i
394,428i Coupe
395,Impreza AWD
396,Jetta Hybrid
397,340i xDrive
398,DB9
399,Vanquish
400,TLX 2WD
401,Spark EV
402,Q50 Hybrid
403,640i xDrive Convertible
404,650i Convertible
405,Q60S Red Sport AWD
406,i3 BEV (94 Amp-hour battery)
407,S60 Polestar AWD
408,S65 AMG Coupe
409,Continental Supersports
410,AMG CLS63 S 4matic
411,Vanquish S Zagato
412,XE (296 Hp)
413,M4 CS
414,Veloster N
415,e-Golf
416,AMG C63 S Convertible
417,AMG S65 Convertible
418,Vanquish S
419,UX 250h AWD
420,S60 AWD PHEV
421,M340i
422,E450 Convertible
423,Roma
424,M340i xDrive
425,GS-6 (21-inch wheels)
426,Mustang Mach 1
427,M440i xDrive Coupe
428,Taycan 4S Perf Battery
429,i4 eDrive40 Gran Coupe (18 inch wheels)
430,330e xDrive Sedan
431,AMG SL55 4matic Plus
432,M340i xDrive Sedan
433,Jetta Sport/SE/SEL
434,330i xDrive Sedan
435,i4 eDrive35 Gran Coupe (18 inch Wheels)
436,S60 Inscription FWD
437,A4 Ultra
438,S65 AMG Convertible
439,CC 4motion
440,GS F
441,i3 REX  (94 Amp-hour battery)
442,QX30 AWD
443,C350e
444,Revero
445,E400 4matic Convertible
446,XE AWD (296 Hp)
447,XE 30t
448,M240i xDrive Convertible
449,AMG E53 4matic Plus Convertible
450,Corolla XSE
451,A220
452,A4 S line quattro
453,GS-6 (22-inch wheels)
454,K27
455,Continental GT V8 Convertible
456,S60 B5
457,IS 500
458,TT RS Coupe
459,TLX Type-S Perf Tire
460,Taycan 4S Perf Battery Plus
461,Taycan Turbo
462,TT Coupe
463,M3 Competition M xDrive Sedan
464,Taycan Performance Battery
465,i-MiEV
466,S60 PoleStar AWD
467,428i xDrive Convertible
468,435i Coupe
469,Cooper Countryman
470,428i Gran Coupe
471,ELR
472,C450 AMG
473,Lancer 4WD
474,M3 CS Sedan
475,Granturismo Modena
476,i4 eDrive35 Gran Coupe (19 inch Wheels)
477,640i xDrive Coupe
478,640i Gran Coupe
479,Phantom Drophead Coupe
480,S550 Convertible
481,911 R
482,M3 CS
483,S5 Coupe
484,M340i Sedan
485,Continental GT Speed
486,XE P250 AWD
487,M4 CSL Coupe
488,Taycan GTS ST
489,Continental GT Convertible Speed
490,Corolla Hybrid AWD
491,Taycan 4S Performance Battery
492,228i xDrive Convertible
493,428i Convertible
494,TLX 4WD
495,ELR Sport
